{
    "vertices":[1,-0.640555,-0.666667,0,-0.640555,2.14597,-1,-0.640555,-0.666667,0.106763,-0.0399107,-0.0362334,1,-0.332529,-0.666667,0,-0.0399107,0.264053,0,-0.332528,2.14597,-1,-0.332529,-0.666667,-0.106763,-0.0399107,-0.0362334,-0.565849,-0.0261117,-0.36025,0.565849,-0.0261117,-0.36025,0,-0.0261116,1.23128,-0.37381,-0.173049,-0.224711,0.37381,-0.173049,-0.224711,0,-0.173049,0.82668,0.799702,-0.191161,-0.525299,-0.799702,-0.191161,-0.525299,0,-0.191161,1.72397,-0.179467,-0.0399107,-0.0875463,0.179467,-0.0399107,-0.0875463,0,-0.0399107,0.417228],
    "uvs":[[0.516479,3.31918e-08,0.516479,0.831155,0.443917,0.831155,0.443917,0,0.733406,0,0.733406,0.831155,0.660844,0.831155,0.660844,6.63836e-08,0,0.644607,0.443917,0.831155,0.841553,0.352917,0.866703,0.269308,0.891853,0.352917,0.769497,0.503575,0.769497,0.939559,0.733406,0.879118,0.733406,0.564016,0.624753,0.711173,0.624753,0.060441,0.55257,0.711173,0.55257,0.060441,0.588662,0.120882,0.588662,0.591191,0.805589,1,0.805589,0.443134,0.87815,0.443134,0.87815,1,0.778645,0.405396,0.954761,0.405396,1,0.443134,0.733406,0.443134,0.866703,0.112654,0.866703,0,0.824426,0.367204,0.90898,0.367204,0.866703,0.226659,0.588662,0.59119]],
    "metadata":{
        "vertices":21,
        "materials":5,
        "generator":"io_three",
        "version":3,
        "uvs":1,
        "faces":20,
        "normals":20,
        "type":"Geometry"
    },
    "materials":[{
        "depthTest":true,
        "DbgIndex":0,
        "opacity":1,
        "transparent":false,
        "DbgName":"Material.005",
        "doubleSided":false,
        "DbgColor":15658734,
        "specularCoef":50,
        "wireframe":false,
        "shading":"phong",
        "visible":true,
        "colorSpecular":[0.5,0.5,0.5],
        "blending":1,
        "colorDiffuse":[0.23193,0.754648,0.8],
        "colorEmissive":[0,0,0],
        "depthWrite":true
    },{
        "depthTest":true,
        "DbgIndex":1,
        "opacity":1,
        "transparent":false,
        "DbgName":"Material.006",
        "doubleSided":false,
        "DbgColor":15597568,
        "specularCoef":50,
        "wireframe":false,
        "shading":"phong",
        "visible":true,
        "colorSpecular":[0.5,0.5,0.5],
        "blending":1,
        "colorDiffuse":[0.64,0.628339,0],
        "colorEmissive":[0,0,0],
        "depthWrite":true
    },{
        "depthTest":true,
        "DbgIndex":2,
        "opacity":1,
        "transparent":false,
        "DbgName":"Material.007",
        "doubleSided":false,
        "DbgColor":60928,
        "specularCoef":50,
        "wireframe":false,
        "shading":"phong",
        "visible":true,
        "colorSpecular":[0.5,0.5,0.5],
        "blending":1,
        "colorDiffuse":[0.0666767,0.245335,0.64],
        "colorEmissive":[0,0,0],
        "depthWrite":true
    },{
        "depthTest":true,
        "DbgIndex":3,
        "opacity":1,
        "transparent":false,
        "DbgName":"Material.008",
        "doubleSided":false,
        "DbgColor":238,
        "specularCoef":50,
        "wireframe":false,
        "shading":"phong",
        "visible":true,
        "colorSpecular":[0.5,0.5,0.5],
        "blending":1,
        "colorDiffuse":[0.729726,0.752313,0.707542],
        "colorEmissive":[0,0,0],
        "depthWrite":true
    },{
        "depthTest":true,
        "DbgIndex":4,
        "opacity":1,
        "transparent":false,
        "DbgName":"Material.009",
        "doubleSided":false,
        "DbgColor":15658496,
        "specularCoef":50,
        "wireframe":false,
        "shading":"phong",
        "visible":true,
        "colorSpecular":[0.5,0.5,0.5],
        "blending":1,
        "colorDiffuse":[0.0913439,0.130268,0.64],
        "colorEmissive":[0,0,0],
        "depthWrite":true
    }],
    "faces":[43,1,0,4,6,4,2,3,0,1,0,0,0,0,43,2,1,6,7,4,4,5,6,7,1,1,1,1,42,0,1,2,4,8,3,9,2,2,2,42,8,5,3,1,10,11,12,3,3,3,43,15,16,9,10,0,13,14,15,16,4,4,4,4,43,17,16,7,6,3,17,18,7,6,5,5,5,5,43,17,15,10,11,0,19,20,21,22,6,6,6,6,43,0,2,7,4,4,25,26,23,24,7,7,7,7,43,12,13,10,9,2,27,28,29,30,8,8,8,8,43,14,12,9,11,2,31,27,30,32,9,9,9,9,43,13,14,11,10,2,28,31,32,29,10,10,10,10,43,18,19,13,12,0,33,34,28,27,11,11,11,11,43,20,18,12,14,0,35,33,27,31,12,12,12,12,43,19,20,14,13,0,34,35,31,28,13,13,13,13,43,6,4,15,17,3,1,0,20,19,14,14,14,14,43,11,9,16,17,0,36,21,18,17,15,15,15,15,43,4,7,16,15,3,24,23,14,13,16,16,16,16,43,8,3,19,18,0,10,12,34,33,17,17,17,17,43,5,8,18,20,0,11,10,33,35,18,18,18,18,43,3,5,20,19,0,12,11,35,34,19,19,19,19],
    "normals":[0.94222,-1.29646e-07,0.334995,-0.94222,-1.29646e-07,0.334995,0,-1,4.23835e-08,0,1,-6.2029e-08,5.84376e-09,0.707107,-0.707107,-0.66625,0.707107,0.236877,0.66625,0.707107,0.236877,0,5.80515e-07,-1,0,0.678021,0.735042,0.692571,0.678021,-0.246236,-0.692571,0.678021,-0.246236,0,0.71756,-0.696496,-0.656253,0.71756,0.233323,0.656253,0.71756,0.233323,0.66625,0.707107,0.236877,-0.66625,0.707107,0.236877,2.58842e-09,0.707107,-0.707107,0,1,-7.25994e-08,-2.20556e-08,1,-5.23139e-08,2.20556e-08,1,-5.23139e-08]
}